tabnak,80918
fardaNews,100599
fardaNews,100600
fardaNews,100604
fardaNews,100608
fardaNews,100626
tabnak,81011
tabnak,81031
tabnak,81035
fardaNews,100657
tabnak,81043
fardaNews,100699
tabnak,81110
fardaNews,100745
fardaNews,100758
tabnak,81163
fardaNews,100769
tabnak,81148
tabnak,81152
fardaNews,100791
fardaNews,100792
fardaNews,100793
fardaNews,100819
tabnak,81240
tabnak,81166
fardaNews,100852
tabnak,81288
fardaNews,100870
tabnak,81347
fardaNews,100896
tabnak,81358
fardaNews,100904
fardaNews,100907
tabnak,81366
tabnak,81659
fardaNews,101068
fardaNews,101095
tabnak,81742
tabnak,81788
fardaNews,101687
tabnak,82862
fardaNews,102423
fardaNews,102885
fardaNews,104032
tabnak,103748
fardaNews,112775
fardaNews,127017
fardaNews,127026
khabaronline,111978
khabaronline,111984
khabaronline,112071
khabaronline,112061
khabaronline,112088
khabaronline,112073
khabaronline,112086
khabaronline,112093
khabaronline,112115
khabaronline,112137
khabaronline,112220
fardaNews,127098
fardaNews,127105
fardaNews,127117
fardaNews,127126
fardaNews,127154
fardaNews,127159
khabaronline,112476
fardaNews,127184
fardaNews,127218
fardaNews,127284
fardaNews,127313
khabaronline,112832
fardaNews,127333
khabaronline,113060
fardaNews,127445
khabaronline,113481
fardaNews,127520
fardaNews,127545
khabaronline,113718
khabaronline,114179
fardaNews,128292
fardaNews,128305
khabaronline,115182
fardaNews,128427
khabaronline,115569
fardaNews,128877
fardaNews,129947
fardaNews,131757
khabaronline,121523
khabaronline,121607
fardaNews,132147
khabaronline,122234
fardaNews,132556
khabaronline,122315
fardaNews,132688
khabaronline,122481
fardaNews,132740
fardaNews,132849
fardaNews,132966
fardaNews,133005
fardaNews,133162
fardaNews,133214
fardaNews,133324
tabnak,142932
tabnak,143950
fardaNews,134494
tabnak,144026
khabaronline,125426
tabnak,144041
fardaNews,134657
tabnak,144437
fardaNews,134807
tabnak,144820
fardaNews,135183
tabnak,145064
fardaNews,136583
tabnak,147492
tabnak,147501
khabaronline,130117
tabnak,150382
khabaronline,132801
fardaNews,139822
tabnak,151924
khabaronline,138050
tabnak,164940
khabaronline,159259
tabnak,172943
tabnak,178877
khabaronline,164002
fardaNews,155797
fardaNews,155811
tabnak,179012
khabaronline,164060
fardaNews,155845
fardaNews,155850
khabaronline,164099
khabaronline,164129
tabnak,179170
tabnak,179176
fardaNews,155894
fardaNews,155979
tabnak,179367
tabnak,179743
tabnak,179850
tabnak,180004
tabnak,180328
fardaNews,156500
fardaNews,157044
khabaronline,168962
fardaNews,159197
khabaronline,169278
fardaNews,159210
khabaronline,169282
tabnak,185545
tabnak,185658
khabaronline,170253
tabnak,186791
fardaNews,159833
tabnak,188584
khabaronline,171851
tabnak,191519
khabaronline,174189
tabnak,191607
fardaNews,162318
fardaNews,162348
tabnak,191642
khabaronline,174224
tabnak,201040
fardaNews,167886
fardaNews,167914
tabnak,203550
fardaNews,170136
khabaronline,184854
fardaNews,171958
fardaNews,171985
tabnak,206312
fardaNews,172886
tabnak,206658
fardaNews,173080
tabnak,206885
fardaNews,173099
fardaNews,173102
tabnak,206984
tabnak,207100
tabnak,207251
fardaNews,173540
tabnak,207437
tabnak,207459
fardaNews,173906
tabnak,208219
fardaNews,174255
fardaNews,182203
fardaNews,182206
tabnak,218859
tabnak,218886
fardaNews,182226
tabnak,218903
tabnak,218905
fardaNews,182239
fardaNews,182242
tabnak,218926
khabaronline,193656
fardaNews,182250
tabnak,218938
fardaNews,182253
tabnak,218943
tabnak,218949
tabnak,218951
fardaNews,182260
fardaNews,182261
khabaronline,193685
khabaronline,193696
fardaNews,182277
khabaronline,193705
khabaronline,193704
tabnak,218992
khabaronline,193724
fardaNews,182298
fardaNews,182311
khabaronline,193740
khabaronline,193731
fardaNews,182317
khabaronline,193764
fardaNews,182332
fardaNews,182335
fardaNews,182338
tabnak,219024
khabaronline,193781
fardaNews,182371
fardaNews,182376
tabnak,219064
fardaNews,182397
tabnak,219087
fardaNews,182407
khabaronline,193806
tabnak,219110
tabnak,219119
khabaronline,193811
tabnak,219128
fardaNews,182424
fardaNews,182428
tabnak,219151
fardaNews,182435
fardaNews,182436
tabnak,219091
khabaronline,193834
tabnak,219223
tabnak,219228
fardaNews,182518
khabaronline,193820
fardaNews,182533
khabaronline,193881
fardaNews,182545
fardaNews,182547
fardaNews,182554
tabnak,219267
tabnak,219269
fardaNews,182559
tabnak,219270
tabnak,219272
fardaNews,182560
fardaNews,182574
fardaNews,182579
fardaNews,182580
fardaNews,182581
khabaronline,193905
tabnak,219286
khabaronline,193918
fardaNews,182600
khabaronline,193920
fardaNews,182602
tabnak,219321
khabaronline,193940
khabaronline,193950
fardaNews,182630
fardaNews,182642
khabaronline,193963
tabnak,219462
tabnak,219473
khabaronline,193989
fardaNews,182749
fardaNews,182754
fardaNews,182777
khabaronline,194099
tabnak,219619
tabnak,219625
fardaNews,182856
tabnak,219650
khabaronline,194235
fardaNews,183058
tabnak,220003
fardaNews,183083
tabnak,220036
fardaNews,183103
khabaronline,194315
tabnak,220090
fardaNews,183130
fardaNews,183135
fardaNews,183142
tabnak,220158
khabaronline,194412
khabaronline,194414
fardaNews,183179
tabnak,220333
tabnak,220414
tabnak,220423
fardaNews,183314
tabnak,220428
fardaNews,183317
khabaronline,194556
fardaNews,183385
tabnak,220530
fardaNews,183434
tabnak,220592
tabnak,220599
khabaronline,194679
fardaNews,183498
fardaNews,183520
fardaNews,183555
tabnak,221056
fardaNews,183783
tabnak,221063
fardaNews,183789
khabaronline,194917
khabaronline,194923
fardaNews,183853
fardaNews,183879
tabnak,221153
khabaronline,195001
tabnak,221183
fardaNews,183902
fardaNews,184058
tabnak,221411
tabnak,221534
fardaNews,184221
khabaronline,195523
tabnak,222243
fardaNews,184819
tabnak,222323
fardaNews,184882
khabaronline,195845
fardaNews,185000
tabnak,222525
fardaNews,185048
fardaNews,185077
fardaNews,185290
fardaNews,185505
tabnak,223281
fardaNews,185817
tabnak,223730
tabnak,223794
tabnak,225510
fardaNews,187485
fardaNews,187823
tabnak,226847
fardaNews,188234
tabnak,227072
fardaNews,188238
khabaronline,199164
fardaNews,188521
fardaNews,188649
fardaNews,188756
fardaNews,188916
tabnak,227881
fardaNews,188932
tabnak,227896
khabaronline,199705
tabnak,227933
tabnak,228357
tabnak,228711
khabaronline,200400
fardaNews,190250
fardaNews,190549
fardaNews,192634
fardaNews,192657
khabaronline,203020
khabaronline,203040
tabnak,232031
fardaNews,194399
khabaronline,205980
tabnak,235789
fardaNews,195555
fardaNews,195622
fardaNews,195647
fardaNews,195681
tabnak,236676
fardaNews,201451
fardaNews,201660
khabaronline,213558
khabaronline,213566
fardaNews,202166
fardaNews,202204
fardaNews,205540
khabaronline,221439
fardaNews,206090
fardaNews,207505
fardaNews,207510
khabaronline,223989
khabaronline,223988
fardaNews,209094
fardaNews,209197
khabaronline,227394
fardaNews,209521
khabaronline,229074
fardaNews,210988
fardaNews,211105
fardaNews,211183
fardaNews,211684
tabnak,263289
fardaNews,213591
tabnak,265814
fardaNews,217153
tabnak,268251
khabaronline,239087
fardaNews,217459
tabnak,268506
fardaNews,217872
fardaNews,218157
khabaronline,248067
khabaronline,256080
