tabnak,87270
fardaNews,104223
tabnak,87281
tabnak,87332
fardaNews,104271
tabnak,87369
tabnak,87379
tabnak,87398
tabnak,87405
fardaNews,104296
fardaNews,104298
tabnak,87430
tabnak,87427
fardaNews,104310
fardaNews,104312
fardaNews,104327
tabnak,87481
fardaNews,104350
fardaNews,104355
fardaNews,104359
fardaNews,104364
fardaNews,104374
fardaNews,104378
tabnak,87502
fardaNews,104380
tabnak,87522
tabnak,87545
fardaNews,104433
fardaNews,104436
tabnak,87574
tabnak,87579
fardaNews,104455
fardaNews,104404
fardaNews,104469
fardaNews,104477
tabnak,87620
tabnak,87632
tabnak,87649
tabnak,87658
fardaNews,104513
tabnak,87705
tabnak,87712
tabnak,87683
fardaNews,104608
tabnak,87782
tabnak,87775
tabnak,87847
fardaNews,104653
tabnak,87886
fardaNews,104658
fardaNews,104678
tabnak,87931
tabnak,88029
tabnak,88224
tabnak,88225
fardaNews,104870
tabnak,88230
tabnak,88234
fardaNews,104883
fardaNews,104970
tabnak,88490
tabnak,88590
tabnak,88763
fardaNews,105206
fardaNews,105228
tabnak,88889
tabnak,89070
fardaNews,105674
tabnak,89563
fardaNews,106826
tabnak,91369
tabnak,93354
tabnak,93362
tabnak,94215
fardaNews,108413
fardaNews,108722
tabnak,94921
tabnak,96175
tabnak,99426
tabnak,100271
fardaNews,111210
tabnak,100369
fardaNews,111477
tabnak,101020
tabnak,101865
tabnak,101947
fardaNews,111958
tabnak,104800
tabnak,105133
fardaNews,113538
tabnak,105254
fardaNews,113540
fardaNews,113547
fardaNews,113553
tabnak,105329
tabnak,105360
tabnak,105417
fardaNews,113712
tabnak,105517
tabnak,105664
tabnak,105853
fardaNews,114030
tabnak,106172
fardaNews,115703
tabnak,109151
fardaNews,115739
tabnak,109165
tabnak,109168
tabnak,121236
