fardaNews,132453
fardaNews,132454
khabaronline,122118
khabaronline,122126
khabaronline,122137
khabaronline,122140
fardaNews,132475
fardaNews,132477
fardaNews,132479
fardaNews,132481
khabaronline,122156
fardaNews,132482
khabaronline,122158
khabaronline,122160
fardaNews,132500
fardaNews,132505
khabaronline,122166
khabaronline,122168
fardaNews,132513
khabaronline,122188
khabaronline,122197
fardaNews,132531
fardaNews,132533
fardaNews,132534
fardaNews,132542
khabaronline,122245
khabaronline,122265
fardaNews,132597
fardaNews,132602
fardaNews,132614
fardaNews,132623
fardaNews,132789
fardaNews,132862
fardaNews,132863
fardaNews,132885
fardaNews,132923
khabaronline,122902
fardaNews,132986
fardaNews,133035
fardaNews,133115
fardaNews,133238
khabaronline,123719
fardaNews,133447
khabaronline,123751
tabnak,143027
khabaronline,124227
tabnak,143103
fardaNews,133867
tabnak,143219
tabnak,143243
tabnak,143353
tabnak,143852
tabnak,143901
tabnak,144475
tabnak,144569
tabnak,144783
tabnak,145204
tabnak,145260
fardaNews,135589
tabnak,145590
tabnak,145608
khabaronline,127367
tabnak,145649
fardaNews,135705
fardaNews,138489
tabnak,149979
tabnak,151663
tabnak,153978
tabnak,171150
tabnak,174746
tabnak,175772
fardaNews,156866
khabaronline,165990
tabnak,193795
fardaNews,163576
tabnak,212871
fardaNews,181798
tabnak,218232
